Name,Team,BarrelAllowed%,FBAllowed%,HR9,LDAllowed%,ChaseAllowed%,EVAllowed,LAAllowed,SwStr%Induced,Zone%,Last14ERA,Last14HHAllowed%,CSW%,Throws
Ryan Feltner,Chicago Cubs,12.5,30.2,0,21.9,23.0,89.5,12.7,24.3,51.1,0,44.8,26.0,R
Edward Cabrera,Colorado Rockies,12.9,24.0,0,25.1,33.5,91.6,11.8,27.6,42.1,0,40.9,28.5,R
Kumar Rocker,Kansas City Royals,8.2,22.2,0,23.8,30.0,89.6,12.0,22.5,45.8,0,42.2,24.0,R
Michael Wacha,Texas Rangers,6.9,27.7,0,26.0,30.0,88.8,16.8,23.6,49.4,0,38.1,26.0,R
Mitch Keller,Los Angeles Dodgers,6.8,21.1,0,30.5,30.2,88.0,12.9,20.9,49.2,0,39.0,25.5,R
Justin Wrobleski,Pittsburgh Pirates,7.0,31.8,0,26.2,30.1,89.9,15.1,17.2,54.8,0,42.5,24.0,L
Bryan Woo,Baltimore Orioles,6.5,31.6,0,21.4,35.0,89.6,19.5,24.5,51.0,0,44.2,27.0,R
Kyle Bradish,Seattle Mariners,10.3,21.3,0,18.8,30.0,88.0,8.1,25.5,43.0,0,36.5,28.0,R
